i,j,artificialReefs,awoisWrecks,awoisObstructions,wrecksEnc,elevations,waveHeights,viirsA,smallBoatTraffic,aisTrafficDensity
0,101,nan,4.0,nan,2.0,5.0,2.55,-3.0,-1.2488298818115757,nan
0,102,nan,2.0,nan,nan,-11.0,2.78,-3.0,-0.7496150472738022,2.3010299956639813
1,98,nan,nan,nan,1.0,-2.0,1.99,-3.0,-2.2499925824442744,3.3935752032695876
1,102,nan,1.0,nan,1.0,-11.0,2.8,0.6130041119152151,-0.7255922317655457,2.739572344450092
1,106,nan,nan,nan,1.0,-23.0,3.72,-3.0,0.9342373323208608,2.593286067020457
1,114,nan,nan,1.0,nan,-27.0,5.04,0.41758627086443995,3.9532286201350377,2.8662873390841948
1,123,nan,1.0,nan,1.0,-93.0,6.27,-3.0,7.825587287364925,2.5171958979499744
2,80,nan,nan,nan,1.0,10.0,nan,-3.0,nan,nan
2,99,nan,nan,nan,1.0,-2.0,2.31,-3.0,-2.336966341657848,3.4838724542226736
2,104,nan,nan,nan,1.0,-16.0,3.47,-3.0,-0.1767766952966369,2.6444385894678386
2,107,nan,nan,nan,1.0,-22.0,4.16,-3.0,1.2174563090207278,2.187520720836463
2,120,nan,1.0,nan,1.0,-34.0,5.9,0.08093929423415865,6.243404092786971,2.444044795918076
3,100,nan,nan,nan,3.0,-2.0,2.75,-3.0,-2.0540638775769455,2.714329759745233
3,102,nan,1.0,nan,1.0,3.0,3.21,0.8830228652955366,-1.1734901761170136,1.7781512503836436
3,107,nan,nan,nan,1.0,-24.0,4.23,0.7906664864426102,1.2481491715860766,2.403120521175818
3,108,nan,1.0,nan,nan,-24.0,4.23,0.6150047053972448,1.6269197047266846,2.167317334748176
3,110,nan,1.0,nan,nan,-24.0,4.53,-3.0,1.985849233378926,2.7323937598229686
3,111,nan,nan,nan,1.0,-28.0,4.7,-3.0,2.2327840452049985,2.574031267727719
3,120,nan,1.0,nan,nan,-42.0,5.94,0.25243065819680377,6.084384525998051,2.4727564493172123
4,99,nan,nan,nan,1.0,4.0,2.73,-3.0,-2.2480680082189934,3.2380461031287955
4,100,nan,nan,nan,2.0,8.0,2.96,-3.0,-2.114097541370666,3.1832698436828046
4,102,nan,2.0,nan,nan,-2.0,3.42,0.9820133063331736,-1.2445839598556412,0.8450980400142568
4,120,nan,2.0,nan,nan,-43.0,5.98,-3.0,5.947426049114426,2.4983105537896004
5,94,nan,nan,nan,19.0,5.0,2.82,-3.0,-0.25,2.3404441148401185
5,95,nan,nan,nan,3.0,-3.0,2.82,-3.0,-0.7499999999999999,2.161368002234975
5,96,nan,nan,nan,4.0,1.0,2.82,-3.0,-1.2499999999999996,0.6020599913279624
5,99,nan,nan,nan,3.0,2.0,2.93,-3.0,-1.7486450308642565,3.498034723687027
5,100,nan,nan,nan,1.0,4.0,3.17,-3.0,-1.7036081256024718,3.024485667699167
5,103,nan,1.0,nan,nan,-8.0,3.86,0.04805446458477658,-0.7496150472738022,1.9867717342662448
5,118,nan,1.0,nan,nan,-40.0,5.75,-3.0,4.851516078662334,2.346352974450639
6,97,nan,nan,nan,2.0,2.0,3.03,-3.0,-1.6947696219228683,1.6434526764861874
6,99,nan,nan,nan,1.0,6.0,3.14,-3.0,-1.2499999999999996,3.2314695904306814
6,100,nan,nan,nan,1.0,-2.0,3.37,-3.0,-1.2499999999999996,3.1936810295412816
6,103,nan,1.0,nan,nan,1.0,4.07,-3.0,-0.7255922317655457,1.5185139398778875
6,109,nan,1.0,nan,nan,-27.0,4.26,0.7089958780040334,0.4857022603955158,2.250420002308894
6,121,nan,1.0,nan,1.0,-75.0,6.19,-3.0,6.156453207886117,2.496929648073215
7,89,nan,nan,nan,1.0,7.0,3.23,-3.0,0.0,nan
7,90,nan,nan,nan,1.0,4.0,3.23,-3.0,0.0,nan
7,95,nan,nan,nan,1.0,4.0,3.23,-3.0,0.0,nan
7,101,nan,nan,nan,1.0,6.0,3.81,-3.0,-0.9651873037285453,2.8915374576725643
7,106,nan,1.0,nan,1.0,-22.0,4.13,-3.0,-0.25,2.507855871695831
7,118,nan,1.0,nan,nan,-40.0,5.82,-3.0,4.563093024660433,2.507855871695831
7,119,nan,1.0,nan,nan,-36.0,5.96,-3.0,5.0463618964349735,1.9777236052888478
8,94,nan,nan,nan,1.0,-2.0,3.44,-3.0,0.0,nan
8,97,nan,nan,nan,2.0,1.0,3.44,-3.0,0.0,0.6020599913279624
8,98,nan,nan,nan,1.0,-3.0,3.44,-3.0,-0.5833333333333334,1.792391689498254
8,100,nan,nan,nan,1.0,-4.0,3.79,-3.0,-0.25,2.8555191556678
8,114,nan,1.0,nan,1.0,-28.0,5.21,0.4457131459685244,2.5086096402098903,2.2405492482826
9,92,nan,nan,nan,1.0,8.0,3.65,-3.0,0.0,nan
9,103,nan,nan,nan,1.0,-2.0,4.09,0.06346470395629285,-1.5481949696145358,nan
9,120,nan,1.0,nan,nan,-64.0,6.17,-0.640543959604689,5.03574058602178,2.6364878963533656
9,124,nan,1.0,nan,1.0,-796.0,6.65,0.2602598720252061,6.662149377446873,2.583198773968623
10,99,nan,nan,nan,1.0,-5.0,3.97,-3.0,0.25,2.2430380486862944
10,100,nan,nan,nan,1.0,-4.0,4.06,-3.0,-0.1767766952966369,2.5415792439465807
10,105,nan,1.0,nan,1.0,5.0,4.06,-0.6736163330867149,-1.6698492400903644,1.7160033436347992
10,106,nan,1.0,nan,1.0,-17.0,4.06,0.4312945836719908,-1.3634345214801555,2.5403294747908736
10,114,nan,1.0,nan,1.0,-31.0,5.16,0.12539233244492629,2.2138403433563645,2.6989700043360187
11,95,nan,nan,nan,2.0,6.0,4.04,-3.0,0.0,nan
11,99,nan,1.0,nan,1.0,-3.0,4.04,-3.0,0.25,2.6830470382388496
11,101,nan,nan,nan,1.0,-3.0,4.04,-3.0,-0.7443154229695483,1.2041199826559248
11,108,4947.0,nan,nan,nan,-21.0,4.04,-3.0,-0.7274427737537041,2.5390760987927767
11,109,nan,1.0,nan,nan,-19.0,4.13,-3.0,-0.25,2.649334858712142
12,84,nan,nan,nan,1.0,1.0,3.76,-3.0,0.0,nan
12,85,nan,1.0,nan,nan,2.0,3.8,-3.0,0.0,nan
12,86,nan,nan,nan,1.0,-2.0,3.85,-3.0,0.0,nan
12,91,nan,nan,nan,2.0,3.0,3.99,-3.0,0.0,nan
12,98,nan,nan,nan,3.0,-2.0,3.99,-3.0,0.0,2.2013971243204513
12,99,nan,nan,nan,2.0,-2.0,3.99,-3.0,0.0,3.0569048513364727
12,100,nan,nan,nan,3.0,-2.0,3.99,-3.0,-0.6077411015677876,1.7634279935629373
12,104,1322.0,nan,1.0,nan,-2.0,3.99,-3.0,-2.3500986723725594,1.9637878273455553
12,108,97.0,nan,nan,nan,-14.0,3.99,-3.0,-0.7460222989178548,2.6334684555795866
13,84,nan,nan,nan,3.0,5.0,3.68,-3.0,0.0,nan
13,104,nan,1.0,1.0,1.0,-2.0,3.95,-3.0,-2.5356561151869483,2.786041210242554
13,105,nan,nan,3.0,nan,1.0,3.95,-3.0,-2.2419596275533658,1.6720978579357175
13,110,236.0,nan,nan,nan,-25.0,4.23,-3.0,0.25,2.69284691927723
13,111,617.0,nan,nan,1.0,-20.0,4.43,-3.0,0.7477397418934033,2.103803720955957
13,113,nan,1.0,nan,nan,-24.0,4.83,0.038898232488164354,1.3255540719444348,2.2329961103921536
14,83,nan,nan,nan,2.0,13.0,nan,-3.0,nan,nan
14,106,nan,nan,nan,1.0,2.0,3.9,0.24714069093745064,-1.7478372640327946,3.5165353738957994
14,107,nan,4.0,nan,2.0,-2.0,3.89,0.22127076639246882,-1.2488298818115757,2.7895807121644256
14,120,nan,nan,nan,1.0,-68.0,6.33,-3.0,3.879757223392754,2.611723308007342
15,98,nan,nan,nan,1.0,-3.0,3.86,-3.0,0.0,2.9804578922761
15,106,11590.0,nan,nan,nan,-2.0,3.85,-3.0,-1.7147443347724562,1.7781512503836436
15,107,nan,nan,nan,2.0,-2.0,3.84,-0.06556466574144165,-1.2174563090207278,3.7734938922709707
15,108,nan,nan,nan,4.0,-4.0,3.83,1.0750064777219757,-0.7255922317655457,3.849849195605258
15,121,nan,1.0,nan,nan,-94.0,6.49,-0.21197975269376176,4.277622327913909,2.380211241711606
16,105,7327.0,nan,nan,nan,-2.0,3.8,0.16462642754851145,-2.1559425879637644,2.5514499979728753
16,109,nan,nan,nan,2.0,-15.0,3.87,-0.15547127698154733,-0.4857022603955158,2.747411807886423
16,110,1597.0,nan,nan,nan,-13.0,4.07,-3.0,-0.25,2.8041394323353503
17,109,nan,1.0,nan,1.0,-3.0,3.82,0.6055571493055294,-0.8710523378484019,2.3636119798921444
17,110,1513.0,2.0,nan,nan,-21.0,4.02,0.09061576655169071,-0.7186063571465195,2.6127838567197355
18,101,nan,1.0,nan,nan,2.0,3.73,-3.0,-0.6035533905932737,nan
18,106,6200.0,nan,nan,nan,-3.0,3.69,1.1083654110822538,-1.3479012889178013,2.399673721481038
18,107,nan,nan,nan,1.0,-3.0,3.68,0.7769879660660133,-1.576879040387836,nan
18,110,nan,1.0,nan,nan,-15.0,3.96,0.6061319126779243,-1.1291314170432527,2.5118833609788744
18,113,nan,nan,nan,2.0,-26.0,4.71,0.07543746430106121,0.25,2.7505083948513462
18,121,nan,1.0,nan,1.0,-67.0,6.6,-0.3737910509065193,4.2490488436401,2.45178643552429
19,102,nan,nan,nan,1.0,-2.0,3.67,-3.0,-0.8810764311221279,nan
19,103,nan,nan,nan,1.0,-2.0,3.66,0.3701099967173315,-0.7255922317655457,nan
19,104,nan,nan,nan,1.0,-2.0,3.65,0.5337784329810498,-0.7496150472738022,1.462397997898956
19,105,nan,nan,nan,1.0,-4.0,3.64,0.6587171695893497,-0.7255922317655457,2.161368002234975
19,109,nan,5.0,nan,4.0,-2.0,3.71,0.35170549421645453,-1.6485538079785802,1.4913616938342726
19,122,nan,nan,nan,1.0,-79.0,6.75,0.690099464961967,4.7499916511288385,2.6954816764901977
20,77,nan,nan,nan,7.0,4.0,nan,-3.0,nan,nan
20,86,nan,nan,nan,7.0,-2.0,3.45,-3.0,-1.144233004317364,1.7558748556724915
20,87,nan,nan,nan,1.0,-2.0,3.53,-3.0,-0.7499999999999999,2.7259116322950483
20,89,nan,nan,nan,1.0,-2.0,3.64,-3.0,-0.7499999999999999,2.885926339801431
20,102,38295.0,nan,nan,nan,-4.0,3.62,-3.0,-0.4857022603955158,1.6532125137753437
20,105,nan,nan,nan,4.0,-3.0,3.59,1.36576869085673,-0.25,2.0211892990699383
20,109,nan,1.0,nan,2.0,-2.0,3.66,-3.0,-1.2459909879925914,1.5440680443502757
20,112,nan,nan,nan,1.0,-22.0,4.49,0.8191535503437295,-0.25,2.6954816764901977
20,114,nan,1.0,nan,1.0,-30.0,5.08,1.2067368680582768,0.7499107785611425,2.3710678622717363
21,78,nan,nan,nan,1.0,11.0,nan,-3.0,nan,nan
21,87,227.0,nan,nan,nan,-4.0,3.49,-3.0,-1.2499999999999996,2.8937617620579434
21,89,nan,nan,nan,1.0,5.0,3.6,-3.0,-1.2499999999999996,1.7853298350107671
21,100,nan,nan,nan,1.0,-4.0,3.61,-3.0,-1.2091123971930342,2.6242820958356683
21,101,nan,1.0,nan,1.0,-4.0,3.6,0.11515500355991361,-0.7255922317655457,1.724275869600789
21,103,nan,nan,nan,1.0,-5.0,3.58,0.7208932723867787,0.1767766952966369,1.591064607026499
21,109,nan,1.0,nan,nan,1.0,3.66,0.0831907700970789,-0.7485579806407447,1.8129133566428555
21,114,nan,2.0,nan,nan,-30.0,5.12,0.4729716389558214,0.7496150472738022,2.404833716619938
21,118,nan,nan,nan,1.0,-39.0,6.28,0.20944262495087718,2.7457385374413716,3.0056094453602804
22,79,nan,nan,nan,2.0,10.0,2.88,-3.0,0.0,nan
22,82,3259.0,nan,nan,nan,-4.0,3.11,-3.0,0.0,0.8450980400142568
22,83,nan,nan,nan,1.0,14.0,3.18,-3.0,0.0,nan
22,85,nan,nan,nan,1.0,6.0,3.33,-3.0,-1.4072579978953321,nan
22,87,nan,nan,nan,1.0,-3.0,3.49,-3.0,-1.7328323476529701,2.9237619608287004
22,97,nan,nan,nan,1.0,6.0,3.63,-3.0,-1.3867380178537838,nan
22,100,89053.0,nan,nan,nan,-4.0,3.82,-3.0,-1.14935524958672,2.1072099696478683
22,101,nan,nan,nan,1.0,-5.0,3.81,0.27299388932287333,-0.7477397418934033,1.8864907251724818
22,102,nan,1.0,nan,1.0,-5.0,3.8,0.5818234033671935,-0.25,1.6127838567197355
22,107,nan,1.0,nan,nan,-4.0,3.75,0.5460822057780328,-0.25,nan
22,109,nan,1.0,nan,1.0,-4.0,3.82,-3.0,-0.25,2.0681858617461617
22,115,nan,2.0,nan,1.0,-30.0,5.49,-3.0,1.2174563090207278,2.8825245379548803
23,79,nan,nan,nan,4.0,11.0,2.88,-3.0,0.0,nan
23,82,nan,nan,nan,1.0,5.0,3.11,-3.0,0.0,0.0
23,87,nan,nan,nan,2.0,2.0,3.5,-3.0,-2.208316515540538,2.962369335670021
23,90,nan,nan,nan,2.0,-2.0,3.66,-3.0,-1.7147443347724562,nan
23,91,22539.0,nan,nan,nan,-2.0,3.66,-3.0,-1.7478372640327946,nan
23,112,nan,3.0,nan,1.0,-24.0,4.69,0.04422215971008047,0.25,2.661812685537261
23,116,nan,1.0,nan,1.0,-27.0,5.86,0.00042106406413558987,1.8150037648091981,2.5024271199844326
24,84,nan,nan,nan,2.0,8.0,3.26,-3.0,-1.4002031456753001,nan
24,85,nan,nan,nan,2.0,5.0,3.33,-3.0,-1.86107395061148,nan
24,86,nan,nan,nan,1.0,7.0,3.43,-3.0,-2.2883307001071302,3.119585774961784
24,90,nan,nan,nan,1.0,-5.0,3.69,0.4439354234286477,-1.2174563090207278,1.4913616938342726
24,104,nan,1.0,nan,1.0,-5.0,4.2,0.5472083907291896,0.7255922317655457,1.8325089127062364
24,109,nan,nan,nan,1.0,-10.0,4.24,0.38196065640259036,0.7499999998687038,2.296665190261531
24,117,nan,1.0,nan,nan,-32.0,6.23,-3.0,2.440956799357691,2.808210972924222
25,83,nan,nan,nan,1.0,6.0,nan,0.31517657046502606,nan,nan
25,86,nan,nan,nan,3.0,1.0,3.46,-3.0,-2.034950527178662,3.273464272621346
25,87,nan,nan,nan,5.0,3.0,3.56,-3.0,-1.608150240102541,nan
25,91,nan,nan,nan,1.0,-3.0,3.72,-3.0,-0.7496150472738022,1.7781512503836436
25,94,nan,nan,nan,1.0,-3.0,3.72,-3.0,-0.7323075662586829,1.863322860120456
25,95,9650.0,nan,nan,nan,-2.0,3.7,-3.0,-0.5313653360279069,1.2304489213782739
25,106,7995.0,nan,nan,nan,-2.0,4.39,-3.0,1.2174563090207278,nan
25,109,nan,1.0,nan,nan,-14.0,4.44,-3.0,0.0,2.7634279935629373
26,87,nan,nan,nan,1.0,-2.0,3.59,0.2675659452449059,-1.374506374956062,3.3546845539547285
26,88,673.0,nan,nan,nan,5.0,3.7,-3.0,-0.9253698406282815,nan
26,93,nan,nan,nan,2.0,-4.0,3.75,0.6018416918737878,-0.25,1.6020599913279623
26,94,nan,nan,nan,1.0,-3.0,3.73,-3.0,-0.25,3.021602716028242
26,96,nan,nan,nan,1.0,-4.0,3.67,-3.0,0.1767766952966369,2.4742162640762553
26,99,nan,nan,nan,1.0,-7.0,3.7,0.6424111562536863,0.7323075662586829,1.3617278360175928
26,103,nan,nan,nan,1.0,-3.0,4.5,0.7134611476558261,0.8810764311221279,3.999522013128904
26,104,nan,nan,nan,1.0,-2.0,4.61,0.6345024409228682,1.168606757969838,3.3712526291249394
26,106,nan,1.0,nan,nan,2.0,4.59,0.5805657598343719,1.7131388085109502,nan
26,110,nan,1.0,nan,nan,-19.0,4.81,-3.0,1.7495589158326679,2.586587304671755
26,112,nan,1.0,nan,nan,-18.0,5.14,-3.0,1.7147443347724562,2.6138418218760693
26,114,nan,1.0,nan,1.0,-30.0,5.51,0.09699337853304982,1.9817673782926504,2.5211380837040362
26,115,nan,2.0,nan,nan,-45.0,5.8,0.3964992313442088,2.2301205391872654,2.920123326290724
27,87,nan,nan,nan,1.0,-4.0,3.62,-3.0,-1.2174563090207278,3.3656751404559175
27,89,nan,nan,nan,1.0,-4.0,3.78,0.7622995930931029,-0.25,nan
27,90,nan,nan,nan,2.0,-5.0,3.78,0.48488041032748064,0.1767766952966369,nan
27,97,nan,nan,nan,3.0,-3.0,3.64,0.0876288163979953,0.7094326870258727,3.210853365314893
27,99,45658.0,nan,nan,nan,-5.0,3.7,0.788701780734801,1.1818565138855257,1.2304489213782739
27,103,nan,1.0,nan,3.0,2.0,4.5,0.45741102274914974,1.336599470857211,3.974649834438722
27,104,nan,nan,1.0,nan,-4.0,4.69,-3.0,1.5493518657814456,4.086786795626624
27,106,nan,1.0,nan,2.0,-14.0,4.8,-3.0,2.157770034750112,nan
27,108,nan,nan,nan,1.0,-9.0,4.78,0.6096829523438693,0.0,nan
27,111,nan,3.0,nan,1.0,-21.0,5.18,0.5730051100844472,2.246782162384364,2.9185545305502734
27,112,nan,2.0,nan,1.0,-22.0,5.35,0.2502686960290338,2.2138403433563645,2.8344207036815328
27,113,nan,1.0,nan,nan,-20.0,5.51,-3.0,2.3025205217575695,2.7101173651118162
27,120,nan,1.0,nan,nan,-1818.0,7.08,-3.0,4.432596874706555,2.444044795918076
28,77,nan,nan,nan,1.0,4.0,nan,-3.0,nan,nan
28,78,nan,nan,nan,5.0,4.0,nan,-3.0,nan,nan
28,83,nan,nan,nan,1.0,5.0,nan,-3.0,nan,1.255272505103306
28,84,nan,nan,nan,1.0,4.0,nan,-3.0,nan,1.5797835966168101
28,90,nan,nan,nan,2.0,-6.0,3.81,0.5307937203474409,-0.25,2.1367205671564067
28,91,nan,nan,nan,1.0,-7.0,3.81,0.5141092564316118,-0.25,2.294466226161593
28,93,nan,nan,nan,2.0,-5.0,3.76,-0.156120175580864,-0.25,2.5599066250361124
28,94,nan,nan,nan,1.0,-5.0,3.73,-3.0,-0.25,2.7489628612561616
28,95,nan,nan,nan,1.0,-4.0,3.7,0.34481655689068375,-0.1767766952966369,3.123524980942732
28,96,nan,nan,nan,2.0,-3.0,3.67,0.8764450643474867,0.25,2.287801729930226
28,98,nan,nan,nan,2.0,-2.0,3.61,0.7342067511257239,1.1063761409207749,3.5972562829251418
28,105,1874.0,nan,nan,nan,-18.0,4.89,-3.0,2.2397743838297197,2.3010299956639813
28,107,nan,1.0,nan,nan,-18.0,5.0,-3.0,2.9885724287798205,1.6532125137753437
28,108,nan,1.0,nan,nan,-14.0,4.99,0.6873795840154218,3.467638932525661,1.724275869600789
28,109,nan,1.0,nan,nan,-9.0,5.07,0.37058523837616303,3.083764830130054,1.5563025007672873
28,110,nan,1.0,nan,nan,-7.0,5.23,0.17108863271211297,2.7492582569578854,2.361727836017593
28,111,nan,3.0,nan,nan,-16.0,5.39,0.43400491365912314,2.7457385374413716,3.1072099696478683
28,112,nan,1.0,nan,1.0,-19.0,5.55,-3.0,2.713539012884334,2.6464037262230695
28,119,nan,2.0,nan,nan,-1701.0,7.04,0.27824129625315525,4.311218898933958,2.7596678446896306
29,77,nan,nan,nan,2.0,8.0,nan,-3.0,nan,0.7781512503836436
29,78,29225.0,nan,nan,14.0,2.0,2.84,-3.0,0.0,2.484299839346786
29,86,nan,nan,nan,6.0,2.0,3.57,-1.1252870252510272,-2.034950527178662,2.247973266361807
29,87,nan,nan,nan,1.0,-3.0,3.68,0.07883295741082236,-1.608150240102541,2.6384892569546374
29,88,nan,nan,nan,3.0,-5.0,3.78,-3.0,-1.2276646373113758,3.4029488293444046
29,89,3689.0,nan,nan,nan,-2.0,3.83,-3.0,-0.9253698406282815,2.399673721481038
29,90,3302.0,nan,nan,nan,-2.0,3.83,-3.0,-0.7255922317655457,2.103803720955957
29,91,44840.0,nan,nan,nan,-4.0,3.82,0.6881376259057509,-0.7496150472738022,1.806179973983887
29,96,nan,nan,nan,1.0,-2.0,3.67,0.9577782060698283,0.25,nan
29,104,59.0,nan,nan,1.0,-21.0,4.69,-3.0,2.440956799357691,2.103803720955957
29,105,53.0,nan,nan,1.0,-24.0,4.89,0.4395000637791737,2.652601914266259,2.3710678622717363
29,107,nan,3.0,nan,1.0,-28.0,5.21,1.0380993194523067,3.2957359468175227,2.285557309007774
29,109,nan,2.0,nan,nan,-27.0,5.28,0.005755184510734688,3.4657318159800874,2.681241237375587
29,111,nan,3.0,nan,1.0,-33.0,5.6,-0.441056349731466,3.244736961891748,3.021602716028242
29,112,nan,2.0,nan,nan,-52.0,5.76,-3.0,3.213438569393657,2.6532125137753435
29,116,nan,1.0,nan,1.0,-335.0,6.41,-3.0,3.7560536946035676,2.846955325019824
30,77,nan,nan,nan,1.0,18.0,nan,-3.0,nan,nan
30,78,nan,nan,nan,1.0,6.0,2.84,-3.0,0.0,0.7781512503836436
30,79,nan,nan,nan,1.0,-3.0,2.88,-3.0,0.0,2.5921767573958667
30,84,nan,nan,nan,2.0,7.0,3.39,-3.0,-2.1140897423515588,0.0
30,85,50289.0,nan,nan,1.0,5.0,3.5,-3.0,-2.5321196981581915,2.7403626894942437
30,86,nan,nan,nan,1.0,-5.0,3.6,0.06974575704513152,-2.295076430897522,3.350441856535061
30,88,12101.0,nan,nan,nan,-6.0,3.81,0.7245560275490122,-1.608150240102541,1.6812412373755872
30,89,nan,nan,nan,1.0,-2.0,3.86,0.21213697167468964,-1.374506374956062,nan
30,92,nan,nan,nan,2.0,-5.0,3.79,0.4818222901356745,-1.2459909879925914,2.436162647040756
30,95,nan,nan,nan,1.0,-2.0,3.7,1.3671937259274745,-0.25,nan
30,96,nan,nan,nan,1.0,-2.0,3.67,0.5447883782498673,0.25,nan
30,97,nan,2.0,nan,2.0,-2.0,3.64,0.1864138353980537,0.7488446901221933,nan
30,98,nan,1.0,nan,2.0,-9.0,3.61,0.5871809498060122,1.247243673016329,0.47712125471966244
30,109,nan,2.0,nan,1.0,-55.0,5.48,-3.0,3.8940603458413556,3.0073209529227447
30,113,nan,2.0,nan,1.0,-105.0,6.13,0.011185466075184213,3.7821632050319036,2.829946695941636
30,114,nan,1.0,nan,1.0,-306.0,6.29,-3.0,3.879784134529569,2.9180303367848803
31,80,nan,nan,nan,1.0,-4.0,3.0,-3.0,0.0,2.3138672203691533
31,81,nan,nan,nan,1.0,-4.0,3.1,-3.0,-1.5445149244868042,2.110589710299249
31,82,nan,nan,nan,1.0,9.0,3.21,-3.0,-1.7754570373478855,1.5797835966168101
31,85,nan,nan,nan,1.0,-4.0,3.52,-3.0,-2.807951170096107,3.5474054596674898
31,87,nan,nan,nan,1.0,-2.0,3.73,0.515322687442849,-2.295076430897522,1.5440680443502757
31,88,1559.0,nan,nan,nan,4.0,3.84,0.47600910817787817,-2.034950527178662,nan
31,91,4156.0,nan,nan,1.0,-2.0,3.82,0.15216905712718587,-1.7467705327415408,0.9030899869919435
31,97,nan,1.0,nan,1.0,-14.0,3.64,-0.8089441344383143,0.7499992662891469,1.0413926851582251
31,102,nan,1.0,nan,1.0,-22.0,4.31,0.8579364733519187,3.124973534000846,1.6127838567197355
31,103,nan,1.0,nan,1.0,-23.0,4.51,-3.0,3.286046390515963,1.7708520116421442
31,110,nan,1.0,nan,1.0,-57.0,5.84,0.39754375192763475,4.2490488436401,2.481442628502305
31,113,nan,1.0,1.0,1.0,-176.0,6.33,-3.0,4.277622327913909,2.8363241157067516
31,119,nan,2.0,nan,nan,-2523.0,7.26,-3.0,5.399375162248596,2.513217600067939
32,80,nan,nan,nan,1.0,6.0,3.0,0.5728774172297701,0.0,nan
32,81,nan,nan,nan,2.0,14.0,3.1,-3.0,-1.2255922317655457,2.1789769472931693
32,82,nan,nan,nan,1.0,11.0,3.21,-3.0,-1.5750542573677537,4.198134519831676
32,84,nan,nan,nan,1.0,-3.0,3.42,-3.0,-2.4146755763542473,1.6334684555795864
32,85,nan,nan,nan,2.0,5.0,3.52,-3.0,-2.8761678507709214,3.5022905279147727
32,86,nan,nan,nan,1.0,8.0,3.63,0.3498387366396104,-2.9875277480988762,0.7781512503836436
32,92,nan,nan,nan,1.0,1.0,3.79,0.49059049613012,-1.5708105362241662,nan
32,99,210.0,nan,nan,nan,-22.0,3.87,0.17620993863184203,1.7495589158326679,1.380211241711606
32,100,397.0,nan,nan,nan,-25.0,4.02,-3.0,2.249391966711742,1.4913616938342726
32,105,nan,nan,nan,1.0,-32.0,5.01,0.2748733909364275,4.031324207713706,2.662757831681574
33,81,nan,nan,nan,1.0,15.0,3.1,-0.12553493710063793,-0.7255922317655457,nan
33,82,nan,nan,nan,1.0,8.0,3.21,0.10086144026636112,-1.2174563090207278,nan
33,83,nan,nan,nan,1.0,6.0,3.31,0.09262592667266326,-1.7147443347724562,nan
33,85,nan,nan,nan,1.0,4.0,3.52,0.8243712321672749,-2.713539012884334,3.505963518018126
33,92,nan,nan,nan,1.0,2.0,3.79,0.3104236510282516,-1.2141846174598097,nan
33,93,nan,nan,nan,1.0,-2.0,3.76,0.7829724253479616,-0.9025651316548049,nan
33,103,nan,nan,nan,1.0,-24.0,4.72,-3.0,3.7396973785230063,2.376576957056512
33,104,nan,1.0,nan,nan,-31.0,4.92,0.13583841673569777,4.200746517705425,2.7134905430939424
34,92,nan,nan,nan,1.0,-4.0,3.79,-3.0,-0.9039415700178028,nan
34,93,1214.0,nan,nan,nan,-16.0,3.76,-3.0,-0.5101100286299701,1.3010299956639813
34,108,nan,1.0,nan,1.0,-86.0,5.82,-0.01615308521343061,5.5718725507395295,2.832508912706236
34,111,nan,1.0,nan,1.0,-309.0,6.33,-3.0,5.74048675383026,2.7708520116421442
34,112,nan,1.0,nan,1.0,-719.0,6.49,-3.0,5.713388554322175,2.708420900134713
34,120,nan,1.0,nan,nan,-2923.0,7.42,1.2044537316018946,6.91326985144941,2.311753861055754
35,93,1.0,nan,nan,nan,-18.0,3.76,-3.0,-0.25,1.9912260756924949
35,100,nan,2.0,nan,1.0,-30.0,4.56,-3.0,2.310330842154456,2.413299764081252
35,117,nan,1.0,nan,nan,-2657.0,7.2,-3.0,6.706124885831882,2.367355921026019
36,70,nan,3.0,nan,4.0,-2.0,3.22,-3.0,0.0,nan
36,71,nan,nan,nan,1.0,7.0,3.22,-3.0,-0.7496150472738022,nan
36,83,nan,nan,nan,2.0,7.0,3.31,-3.0,-1.8817745444430432,2.6444385894678386
36,84,nan,nan,nan,1.0,3.0,3.42,-3.0,-2.1010341218610886,1.99563519459755
36,85,nan,nan,nan,5.0,-2.0,3.52,-3.0,-2.233009498683769,3.6225248624035684
36,86,nan,nan,nan,1.0,4.0,3.63,-3.0,-2.2440137320539884,nan
36,89,nan,nan,nan,1.0,-2.0,3.88,-3.0,-1.621056396242952,nan
36,100,nan,nan,nan,1.0,-32.0,4.75,0.010889089980228353,2.4593103357000365,2.4771212547196626
36,103,nan,1.0,nan,1.0,-38.0,5.09,0.9370858940192438,3.8904333523030314,2.575187844927661
36,107,nan,1.0,nan,1.0,-122.0,5.84,-0.2653465622597057,5.858880219345446,2.606381365110605
36,110,nan,1.0,nan,nan,-817.0,6.38,-3.0,6.747220603557381,2.8228216453031045
36,111,nan,1.0,nan,1.0,-871.0,6.54,-3.0,6.739090716232492,2.815577748324267
37,70,nan,nan,1.0,nan,1.0,3.3,-3.0,-1.1116893133380918,nan
37,76,nan,nan,nan,1.0,4.0,3.03,-3.0,-1.7474117409960828,2.790988475088816
37,81,nan,nan,nan,1.0,1.0,3.1,-3.0,-1.429316869429043,1.7481880270062005
37,82,6942.0,nan,nan,1.0,-7.0,3.21,-3.0,-1.2174563090207278,0.6020599913279624
37,83,495.0,nan,nan,nan,-10.0,3.31,-3.0,-1.429316869429043,1.380211241711606
37,84,1987.0,4.0,3.0,3.0,-9.0,3.42,-3.0,-1.6610110148371107,3.3636119798921444
37,85,nan,1.0,nan,1.0,-3.0,3.52,-3.0,-1.738797510039119,5.2527875179326315
37,86,nan,nan,nan,4.0,-2.0,3.63,-3.0,-1.7471914719570414,1.6127838567197355
37,87,nan,nan,nan,1.0,-2.0,3.73,-3.0,-1.7332201576847774,nan
37,88,nan,nan,nan,1.0,2.0,3.84,-3.0,-1.5675906021876642,nan
37,102,nan,1.0,nan,1.0,-40.0,5.17,-3.0,3.5710033361734,2.5428254269591797
37,107,nan,1.0,nan,1.0,-211.0,5.94,-3.0,5.9627918313704,2.8041394323353503
38,71,15535.0,nan,nan,nan,3.0,3.37,-3.0,-1.6763003934430618,nan
38,82,657.0,nan,17.0,nan,-14.0,3.21,-3.0,-0.7255922317655457,2.6074550232146687
38,83,953.0,nan,nan,nan,-14.0,3.31,-3.0,-0.9888663951779294,2.745855195173729
38,84,432.0,nan,nan,nan,-15.0,3.42,-3.0,-1.2128852794474012,4.586407248913826
38,87,nan,nan,3.0,1.0,-12.0,3.73,-3.0,-1.2393120866777128,2.037426497940624
38,92,nan,1.0,nan,1.0,-22.0,3.9,-3.0,-0.1767766952966369,2.0681858617461617
38,103,nan,1.0,nan,1.0,-54.0,5.48,-3.0,4.2303160826250785,2.802089257881733
39,71,nan,nan,nan,1.0,4.0,3.4,-3.0,-2.002950437461088,2.8000293592441343
39,78,1879.0,nan,nan,nan,-14.0,2.88,-3.0,-0.9342373323208608,2.5943925503754266
39,79,1502.0,nan,nan,nan,-15.0,2.89,-3.0,-0.7255922317655457,2.61066016308988
39,86,nan,nan,1.0,nan,-17.0,3.63,0.6420774263217673,-0.7499617048158557,3.024485667699167
39,88,nan,1.0,1.0,4.0,-2.0,3.84,-3.0,-0.7409935885991392,nan
39,92,nan,1.0,nan,1.0,-24.0,4.1,0.13576532810136926,0.25,2.0492180226701815
40,71,nan,nan,nan,4.0,2.0,3.4,-3.0,-2.0095406735115167,2.9429995933660407
40,72,nan,nan,nan,1.0,-2.0,3.33,-3.0,-1.5770795026560736,2.8830933585756897
40,79,1385.0,nan,nan,nan,-17.0,2.89,-3.0,-0.25,2.2810333672477277
40,81,1123.0,2.0,3.0,1.0,-19.0,3.1,-3.0,-0.1767766952966369,2.220108088040055
40,82,78.0,nan,nan,nan,-19.0,3.21,-3.0,0.1767766952966369,2.3010299956639813
40,86,nan,1.0,nan,1.0,-18.0,3.63,1.0174121734718,-0.25,2.662757831681574
40,88,nan,2.0,1.0,2.0,-11.0,3.84,0.44879131189589644,-0.25,1.7558748556724915
40,90,905.0,nan,nan,nan,-16.0,3.96,-3.0,0.1767766952966369,1.8976270912904414
40,94,nan,1.0,nan,1.0,-36.0,4.62,-3.0,1.203037704111986,2.48572142648158
40,98,nan,1.0,nan,1.0,-43.0,5.27,0.2266540248629499,2.918784507578033,2.6893088591236203
40,113,nan,nan,nan,1.0,-2741.0,7.0,-3.0,8.756047098047663,2.326335860928751
41,70,nan,nan,nan,1.0,-2.0,3.49,-3.0,-2.052170007561856,2.7589118923979736
41,81,nan,1.0,nan,1.0,-21.0,3.12,0.054505823556544784,0.25,2.342422680822206
41,83,nan,nan,1.0,nan,-21.0,3.33,-3.0,0.25,2.380211241711606
41,84,nan,1.0,nan,1.0,-21.0,3.43,0.10644291166208346,0.25,2.413299764081252
41,90,nan,1.0,nan,1.0,-16.0,4.14,-3.0,0.5069575677934526,2.5809249756756194
41,105,nan,2.0,nan,1.0,-649.0,6.27,-3.0,5.856789509691651,2.6324572921847245
41,128,nan,1.0,nan,nan,-3411.0,8.27,-3.0,12.100476401295095,nan
42,89,nan,3.0,nan,2.0,-12.0,4.08,0.3473026788740815,0.7255922317655457,2.8887409606828927
42,100,nan,1.0,nan,1.0,-77.0,5.77,-3.0,4.2664728221304005,2.6127838567197355
43,66,nan,nan,nan,1.0,-2.0,3.68,-3.0,-1.6171132618346393,2.8750612633917
43,87,nan,nan,1.0,nan,-19.0,4.01,0.33452212115745306,1.2497443969988216,2.5390760987927767
43,88,nan,nan,1.0,nan,-15.0,4.11,0.29870028537993276,1.2488298818115757,2.4785664955938436
43,91,nan,1.0,nan,1.0,-22.0,4.44,0.04376297001859017,1.6115967123383828,2.255272505103306
43,107,nan,1.0,nan,nan,-2440.0,6.6,-3.0,7.255770328432119,2.27415784926368
44,66,1743.0,nan,nan,1.0,-12.0,3.7,-3.0,-1.2174563090207278,1.6901960800285136
44,72,287.0,nan,nan,nan,-18.0,3.75,-3.0,-0.25,1.4771212547196624
44,85,nan,2.0,nan,1.0,-28.0,3.94,-3.0,1.7495589158326679,2.0791812460476247
45,64,nan,nan,nan,2.0,-2.0,3.77,-3.0,-1.168606757969838,2.747411807886423
45,84,nan,1.0,nan,1.0,-28.0,3.97,-3.0,2.246782162384364,1.9395192526186185
45,85,nan,nan,1.0,1.0,-30.0,4.07,-3.0,2.249391966711742,2.1367205671564067
45,86,186.0,nan,nan,nan,-30.0,4.17,-3.0,2.2499998562625394,2.2810333672477277
45,89,nan,1.0,nan,1.0,-29.0,4.47,-3.0,2.2138403433563645,2.4424797690644486
45,90,399.0,nan,nan,nan,-30.0,4.57,0.48255059875306233,2.3315282419261045,2.531478917042255
45,95,nan,1.0,nan,nan,-34.0,5.23,-3.0,3.573223631625729,2.545307116465824
46,59,nan,1.0,1.0,7.0,-1.0,3.81,-3.0,-0.7499107785611425,3.3220124385824006
46,64,881.0,nan,nan,nan,-12.0,3.78,-3.0,-0.8810764311221279,2.3654879848909
46,68,732.0,nan,nan,nan,-18.0,3.61,-3.0,-0.25,1.662757831681574
46,87,nan,1.0,nan,1.0,-32.0,4.4,-3.0,2.7492582569578854,2.374748346010104
47,59,nan,nan,1.0,1.0,-1.0,3.85,-3.0,-0.7496150472738022,4.131265696780032
47,62,nan,nan,nan,1.0,-2.0,3.85,-3.0,-1.6171132618346393,4.121756758487815
47,63,971.0,nan,nan,nan,-12.0,3.83,0.2505306025535183,-1.2174563090207278,2.7664128471123997
47,64,191.0,nan,nan,nan,-16.0,3.78,-3.0,-0.7255922317655457,2.8188854145940097
47,70,965.0,nan,nan,nan,-20.0,3.68,-3.0,0.5176788511920756,1.4471580313422192
47,86,nan,1.0,nan,1.0,-33.0,4.43,0.28822104949244737,3.249998828658089,2.1903316981702914
47,94,110.0,1.0,nan,nan,-42.0,5.23,-3.0,4.10438027724465,2.6201360549737576
48,59,nan,nan,nan,1.0,-2.0,3.9,-3.0,-0.7255922317655457,3.3736474722092176
48,60,nan,1.0,nan,nan,4.0,3.9,-3.0,-1.2174563090207278,3.197831693328903
48,61,nan,nan,nan,1.0,7.0,3.9,-3.0,-1.7117457368835982,3.190611797813605
48,62,nan,nan,nan,1.0,-11.0,3.87,-3.0,-1.7394826456341284,2.6794278966121188
48,64,nan,nan,nan,1.0,-15.0,3.78,0.21116595528956095,-0.746462408439132,2.3404441148401185
48,70,401.0,nan,nan,nan,-21.0,3.68,-3.0,0.9342373323208608,1.6127838567197355
48,85,nan,1.0,nan,1.0,-36.0,4.46,-3.0,3.749091686780802,1.9590413923210936
48,94,56.0,nan,nan,nan,-55.0,5.36,-3.0,4.520830294183339,2.481442628502305
48,96,nan,1.0,nan,1.0,-157.0,5.59,-3.0,5.0860742857121695,2.514547752660286
48,103,nan,1.0,nan,1.0,-838.0,6.42,-3.0,7.1938244377291465,2.0492180226701815
48,115,nan,1.0,nan,nan,-3176.0,7.17,-3.0,11.955486339310232,0.9030899869919435
49,61,nan,nan,nan,3.0,-2.0,3.91,-3.0,-1.8141114029703924,3.597146487833695
49,64,1718.0,nan,nan,nan,-14.0,3.78,-3.0,-0.7274427737537041,2.290034611362518
50,60,nan,1.0,1.0,3.0,-2.0,3.96,0.4623410950276961,-1.5493518657814456,3.711807229041191
50,61,1037.0,nan,nan,4.0,-7.0,3.91,-3.0,-1.836187117048024,3.0362295440862948
50,65,876.0,nan,nan,nan,-17.0,3.74,-3.0,-0.1767766952966369,2.060697840353612
50,86,nan,1.0,nan,1.0,-39.0,4.82,-3.0,4.7499916511288385,2.694605198933569
50,87,nan,1.0,nan,1.0,-43.0,4.92,-3.0,4.749024658522833,2.603144372620182
51,59,nan,nan,nan,1.0,5.0,4.01,-3.0,-1.5493518657814456,3.370142847051102
51,62,33.0,nan,nan,nan,-12.0,3.88,0.25442525225788043,-1.2117005321376544,2.0453229787866576
51,65,2142.0,2.0,nan,1.0,-17.0,3.75,-3.0,0.1767766952966369,1.1760912590556813
51,79,nan,1.0,nan,nan,-32.0,4.24,-3.0,4.416263409047106,2.4638929889859074
51,85,nan,1.0,nan,nan,-39.0,4.84,-3.0,5.2490088759912625,2.6201360549737576
51,99,nan,1.0,nan,1.0,-496.0,6.22,-3.0,7.157131969663305,1.9138138523837167
51,111,nan,1.0,nan,nan,-3014.0,6.95,-3.0,11.313637110794554,0.7781512503836436
52,54,nan,nan,nan,2.0,8.0,4.01,-3.0,-1.7474117409960828,3.215373152783422
52,57,nan,nan,nan,7.0,8.0,4.02,-3.0,-1.7147443347724562,3.130976691605617
52,59,nan,1.0,1.0,1.0,-6.0,4.04,-3.0,-1.7478555410393817,4.394416655665352
52,60,nan,nan,nan,1.0,-3.0,4.04,0.9666128759621478,-1.73678990318255,3.4951278812429334
52,65,nan,1.0,nan,nan,-19.0,3.83,-3.0,0.25,1.6720978579357175
52,67,192.0,2.0,nan,nan,-23.0,3.74,-3.0,1.1734901761170136,1.7634279935629373
52,78,nan,3.0,nan,1.0,-32.0,4.25,-3.0,4.535724143035627,2.1760912590556813
52,88,nan,1.0,nan,1.0,-41.0,5.19,-3.0,5.74048675383026,2.1931245983544616
52,117,nan,1.0,nan,nan,-3359.0,7.36,-3.0,13.974014870545574,0.0
53,50,nan,nan,nan,1.0,-2.0,4.0,-3.0,-1.7147443347724562,2.7134905430939424
53,53,nan,1.0,nan,2.0,-10.0,4.01,-3.0,-1.7474117409960828,3.4000196350651586
53,54,nan,4.0,nan,5.0,-10.0,4.01,-3.0,-1.7396097829940347,3.509740015570382
53,55,871.0,nan,nan,nan,-10.0,4.01,-3.0,-1.6104753416568915,2.3909351071033793
53,56,16736.0,nan,2.0,nan,-10.0,4.01,-3.0,-1.3867380178537838,1.3979400086720377
53,57,nan,2.0,nan,3.0,-6.0,4.02,-3.0,-1.2174563090207278,2.481442628502305
53,58,nan,5.0,nan,6.0,-2.0,4.02,-3.0,-1.2488298818115757,4.4040807430999385
53,59,nan,nan,nan,2.0,-2.0,4.04,0.14326859033525285,-1.2499343617499892,0.9030899869919435
53,62,nan,nan,nan,1.0,-15.0,4.04,-3.0,-0.9375864275547107,2.143014800254095
53,74,nan,1.0,nan,1.0,-30.0,4.09,-3.0,4.070307888323195,2.0827853703164503
53,77,nan,2.0,nan,nan,-32.0,4.27,-3.0,4.7306694785234775,2.1789769472931693
54,47,nan,nan,nan,2.0,-5.0,3.91,-3.0,-1.7396097829940347,3.179838928023187
54,48,nan,nan,nan,1.0,-7.0,3.97,-3.0,-1.6104753416568915,3.166133970305109
54,51,2068.0,nan,nan,nan,-11.0,4.0,-3.0,-1.2488298818115757,2.5943925503754266
54,54,2470.0,3.0,nan,1.0,-13.0,4.01,-3.0,-1.2445839598556412,2.187520720836463
54,55,1006.0,nan,nan,nan,-12.0,4.01,-3.0,-1.1734901761170136,2.113943352306837
54,56,3752.0,3.0,1.0,3.0,-12.0,4.01,-3.0,-0.9342373323208608,2.3636119798921444
54,57,nan,nan,3.0,nan,-10.0,4.02,-3.0,-0.7255922317655457,2.3891660843645326
54,58,nan,2.0,1.0,2.0,-7.0,4.02,-3.0,-0.7496150472738022,4.0697790608815145
54,59,nan,2.0,nan,1.0,-4.0,4.04,0.5341149969426865,-0.7499583279490629,nan
54,69,nan,4.0,nan,1.0,-26.0,3.87,0.07676057682959435,2.3208406657310254,1.724275869600789
54,70,nan,1.0,nan,nan,-26.0,3.93,-3.0,2.80840131355003,1.7993405494535817
54,75,nan,nan,nan,1.0,-34.0,4.23,-3.0,4.744398024842488,2.0170333392987803
54,79,nan,nan,nan,1.0,-36.0,4.48,-3.0,5.651476211266096,2.7708520116421442
54,104,nan,1.0,nan,nan,-2345.0,6.54,-3.0,9.784227801486335,1.146128035678238
54,107,nan,1.0,nan,nan,-3035.0,6.73,-3.0,10.719967358891905,0.6020599913279624
55,48,36.0,nan,nan,nan,-11.0,3.97,-3.0,-1.1734901761170136,3.1332194567324945
55,52,172.0,1.0,nan,1.0,-14.0,4.01,-0.033709939409540327,-0.7499107785611425,2.247973266361807
55,53,2183.0,nan,nan,nan,-14.0,4.01,0.04024225879732242,-0.7499925880850922,2.1931245983544616
55,56,nan,nan,1.0,nan,-13.0,4.01,0.7425452475229896,-0.5176788511920756,4.091033516054471
55,57,nan,nan,1.0,nan,-14.0,4.02,0.5643227475154134,-0.25,3.132579847659737
55,58,nan,nan,2.0,nan,-12.0,4.02,0.3543357772526646,-0.25,3.746478509930031
55,59,nan,3.0,nan,3.0,-8.0,4.04,-3.0,-0.25,2.294466226161593
56,42,nan,nan,nan,1.0,-2.0,3.6,-3.0,-0.7255922317655457,2.8273692730538253
56,47,13.0,nan,nan,nan,-12.0,3.91,0.5132309068398909,-0.7460222989178548,2.8312296938670634
56,48,nan,nan,nan,1.0,-14.0,3.97,0.12172724369475145,-0.7274427737537041,2.9395192526186187
56,50,nan,1.0,nan,1.0,-16.0,4.0,0.15523841744846806,-0.25,2.6893088591236203
56,53,nan,1.0,nan,nan,-16.0,4.01,0.07888075270913981,-0.25,1.4913616938342726
56,54,1966.0,2.0,nan,nan,-15.0,4.01,-3.0,-0.25,1.7558748556724915
56,58,nan,1.0,nan,1.0,-12.0,4.02,0.5228678937468468,0.25,3.379668034033654
56,74,nan,2.0,nan,nan,-34.0,4.33,-3.0,5.03731056853262,1.9731278535996986
56,75,nan,1.0,nan,nan,-35.0,4.39,-3.0,5.4852461843807285,2.4082399653118496
57,37,nan,nan,nan,1.0,5.0,nan,-3.0,nan,2.3979400086720375
57,49,2.0,nan,nan,nan,-16.0,4.0,0.28536013818148925,-0.1767766952966369,2.6794278966121188
57,50,30.0,nan,nan,nan,-17.0,4.0,-0.3214076613302537,0.1767766952966369,2.507855871695831
57,57,nan,nan,nan,1.0,-15.0,4.02,0.9215976338147109,0.5176788511920756,3.036628895362161
57,58,nan,nan,2.0,nan,-14.0,4.02,0.4770647851229963,0.7274427737537041,2.7101173651118162
58,37,nan,nan,nan,1.0,6.0,nan,-3.0,nan,3.0780941504064105
58,45,nan,nan,nan,1.0,-14.0,3.78,-3.0,0.25,1.724275869600789
58,60,nan,1.0,nan,nan,-15.0,4.08,-3.0,1.2494581959771287,2.271841606536499
58,88,nan,1.0,nan,1.0,-317.0,5.51,-3.0,8.736690476010557,1.5563025007672873
59,41,11.0,nan,nan,nan,-10.0,3.54,-3.0,-0.25,1.568201724066995
59,42,6.0,nan,nan,nan,-11.0,3.6,0.697526609023914,0.25,2.03342375548695
59,61,nan,2.0,nan,2.0,-19.0,4.11,0.7493342894104341,1.7496887793887128,1.724275869600789
59,64,nan,1.0,nan,nan,-12.0,4.22,-3.0,1.82442283030262,2.285557309007774
59,69,nan,2.0,nan,2.0,-27.0,4.27,-3.0,3.362601582541871,1.9493900066449128
59,80,nan,nan,nan,1.0,-55.0,4.95,-3.0,8.102584711758015,2.0827853703164503
60,37,nan,nan,nan,3.0,7.0,3.38,-3.0,-1.2494821142437365,2.900913067737669
60,38,nan,nan,nan,1.0,-2.0,3.38,-3.0,-1.650661285698611,3.0224283711854865
60,60,nan,1.0,nan,1.0,-24.0,4.08,0.1648693749835372,2.2451188642361974,1.9344984512435677
61,35,nan,nan,nan,1.0,2.0,nan,-3.0,nan,2.403120521175818
61,36,nan,nan,nan,1.0,6.0,3.39,-3.0,-0.7255922317655457,2.8959747323590648
61,39,41.0,nan,nan,nan,-8.0,3.42,0.4546457679735578,-1.14935524958672,1.99563519459755
61,57,nan,nan,nan,1.0,-24.0,4.03,0.4260407229490091,2.336966341657848,2.658964842664435
61,65,nan,nan,1.0,nan,-21.0,4.28,-3.0,2.926873350764751,2.060697840353612
61,67,20.0,nan,nan,nan,-18.0,4.35,-3.0,3.3483813459825216,1.3979400086720377
62,38,38.0,nan,nan,nan,-8.0,3.52,0.5929233933524676,-0.7496150472738022,2.0755469613925306
62,41,27.0,nan,nan,nan,-13.0,3.67,0.20054133752187525,-0.25,nan
62,47,29.0,nan,nan,nan,-19.0,4.04,-3.0,2.245988930692856,2.0863598306747484
63,33,nan,1.0,nan,1.0,2.0,3.64,-3.0,-0.75,1.3010299956639813
63,61,nan,1.0,nan,2.0,-29.0,4.42,-3.0,3.7468728130745257,2.4578818967339924
63,64,nan,1.0,nan,1.0,-27.0,4.53,0.31026623432283856,3.7869100966659657,2.561101383649056
64,32,nan,nan,nan,3.0,9.0,3.76,-3.0,-1.14935524958672,nan
64,33,nan,nan,nan,1.0,-3.0,3.76,-3.0,-1.249997699025648,3.2405492482826
64,35,nan,nan,nan,1.0,-3.0,3.76,-3.0,-0.7255922317655457,nan
64,38,10.0,nan,nan,nan,-10.0,3.76,0.142020083262108,0.25,1.8129133566428555
64,50,8.0,nan,nan,nan,-26.0,4.45,-3.0,3.303805083157826,1.8750612633917
65,33,nan,nan,1.0,1.0,-3.0,3.89,-3.0,-1.650809510635711,3.0402066275747113
65,43,7.0,nan,nan,nan,-16.0,4.17,-3.0,1.168606757969838,1.8750612633917
65,60,nan,nan,nan,1.0,-30.0,4.67,-3.0,4.702513814213585,2.2528530309798933
65,62,nan,1.0,nan,1.0,-31.0,4.74,-3.0,4.742043212446285,2.677606952720493
65,65,nan,nan,nan,1.0,-30.0,4.82,-3.0,4.865192752795185,2.576341350205793
66,34,nan,nan,2.0,nan,-6.0,4.01,-3.0,-1.2459909879925914,2.7450747915820575
66,35,nan,1.0,nan,1.0,-4.0,4.01,-3.0,-0.7485579806407447,2.392696953259666
66,38,17.0,nan,1.0,nan,-12.0,4.01,-3.0,0.7477397418934033,2.0043213737826426
67,31,nan,nan,nan,1.0,-2.0,4.37,-3.0,-0.8810764311221279,nan
67,33,nan,nan,nan,1.0,-3.0,4.24,0.24964586795595078,-1.2459909879925914,3.055378331375
67,35,nan,2.0,nan,2.0,-2.0,4.14,-3.0,-0.7477397418934033,2.7641761323903307
67,36,nan,nan,1.0,nan,-6.0,4.14,-3.0,-0.25,2.710963118995276
67,37,35.0,3.0,6.0,nan,-10.0,4.14,-3.0,0.25,2.3783979009481375
67,62,nan,1.0,nan,nan,-36.0,5.03,-3.0,5.74048675383026,2.546542663478131
67,63,nan,nan,nan,1.0,-36.0,5.04,-3.0,5.713388554322175,2.5575072019056577
68,34,nan,nan,nan,1.0,-2.0,4.36,-3.0,-0.7477397418934033,0.3010299956639812
68,35,nan,nan,nan,1.0,-6.0,4.3,1.009272394061263,-0.6523689270621824,1.6901960800285136
68,42,13.0,nan,nan,nan,-17.0,4.49,-3.0,2.2984806615072366,0.9030899869919435
68,52,nan,nan,nan,2.0,-30.0,5.03,-3.0,5.518103384252985,2.303196057420489
68,53,nan,1.0,nan,nan,-31.0,5.03,0.27757713473561724,5.669831332848285,2.0718820073061255
68,54,nan,1.0,nan,nan,-33.0,5.04,-3.0,5.74351726812462,2.27415784926368
68,56,nan,nan,nan,1.0,-33.0,5.04,0.8502288893119473,5.713388554322175,2.5224442335063197
69,29,nan,nan,nan,2.0,9.0,4.88,-3.0,-1.2174563090207278,2.8709888137605755
69,32,nan,nan,nan,1.0,-2.0,4.68,-3.0,-0.5833333333333334,2.0681858617461617
69,33,nan,nan,nan,1.0,-3.0,4.62,-3.0,-0.25,0.3010299956639812
69,37,nan,nan,nan,1.0,-12.0,4.38,-0.0036055780625501867,0.25,2.1818435879447726
69,38,16.0,nan,1.0,nan,-13.0,4.38,-3.0,0.7255922317655457,2.1583624920952498
70,28,nan,nan,nan,1.0,-2.0,5.05,-3.0,-1.665164636089659,3.0433622780211294
70,29,nan,nan,nan,1.0,-4.0,5.07,-3.0,-1.3717208588270091,2.859138297294531
70,30,nan,nan,nan,1.0,-2.0,5.0,-3.0,-1.0603214687570501,nan
70,40,nan,1.0,nan,1.0,-14.0,4.61,-0.18543148254969327,1.8150037648091981,1.6434526764861874
71,20,nan,nan,4.0,nan,4.0,4.36,-3.0,0.0,3.987844950171298
71,29,nan,nan,nan,2.0,-2.0,5.24,-3.0,-0.996287362220447,1.591064607026499
71,36,11.0,nan,nan,nan,-10.0,4.78,-3.0,0.7255922317655457,2.2227164711475833
71,37,nan,1.0,nan,nan,-19.0,4.72,1.0776839777035865,0.8810764311221279,2.357934847000454
71,38,25.0,nan,nan,1.0,-20.0,4.65,0.03119835903798601,1.168606757969838,1.6812412373755872
71,80,nan,1.0,nan,1.0,-513.0,5.37,-3.0,11.387608375532999,1.6020599913279623
72,20,nan,1.0,5.0,nan,1.0,4.36,-3.0,-1.0277777777777777,3.8594985581877763
72,26,nan,nan,nan,1.0,-2.0,5.0,-3.0,-1.2644375993908095,2.7867514221455614
72,39,2.0,nan,nan,nan,-24.0,4.79,-3.0,1.8559715911517074,2.2278867046136734
72,40,14.0,nan,nan,nan,-24.0,4.84,-3.0,2.2301205391872654,2.419955748489758
72,45,10.0,nan,nan,nan,-31.0,5.24,0.5536463927822339,4.496596443910609,2.161368002234975
73,17,nan,nan,nan,1.0,1.0,4.2,-3.0,-0.7439491273625131,nan
73,19,nan,nan,2.0,nan,10.0,4.25,-3.0,-0.9618162685914002,4.215875395461276
73,20,nan,1.0,9.0,3.0,9.0,4.36,-3.0,-1.3097137909938472,3.7528164311882715
73,21,nan,nan,1.0,nan,-2.0,4.47,-3.0,-0.9694236654192643,1.6232492903979006
73,22,nan,1.0,nan,nan,5.0,4.57,-3.0,-0.7496150472738022,2.0253058652647704
73,28,nan,nan,nan,1.0,-7.0,5.22,-3.0,-0.25,0.6020599913279624
74,17,nan,nan,nan,1.0,5.0,4.2,-3.0,-1.2024323557161816,nan
74,18,nan,nan,1.0,nan,-2.0,4.2,-3.0,-1.2379462943107935,nan
74,19,nan,2.0,5.0,1.0,-2.0,4.25,-3.0,-1.39026318310851,3.857935264719429
74,20,nan,2.0,2.0,3.0,-16.0,4.36,-3.0,-1.6573255214473388,4.373573981307628
74,21,nan,2.0,1.0,2.0,6.0,4.47,-3.0,-1.4002031456753001,4.4159910762326495
74,26,nan,nan,nan,1.0,-6.0,5.0,-3.0,-0.5833333333333334,0.47712125471966244
74,31,14.0,nan,nan,nan,-14.0,5.11,0.47391741566034806,0.4857022603955158,2.2833012287035497
75,17,nan,nan,nan,2.0,-2.0,4.2,-3.0,-1.6301372947322064,2.946452265013073
75,19,nan,1.0,3.0,1.0,4.0,4.25,-3.0,-1.8554652370586555,2.7730546933642626
75,20,nan,5.0,3.0,4.0,6.0,4.36,-3.0,-2.061951339073703,4.623321666780353
75,21,nan,nan,1.0,nan,5.0,4.47,-3.0,-1.8672755543614319,3.6780629049743454
75,22,nan,2.0,1.0,nan,-2.0,4.57,-3.0,-1.7483187756863972,3.085290578230065
75,23,nan,4.0,nan,2.0,1.0,4.68,-3.0,-1.6328000121070356,3.1934029030624176
75,24,nan,2.0,nan,2.0,-3.0,4.79,-0.27135003643512,-1.2475688445904611,3.976028840091126
75,102,nan,1.0,nan,nan,-3037.0,6.38,-3.0,18.463270649045963,nan
75,111,nan,1.0,nan,nan,-3729.0,6.97,-3.0,20.462377185297434,nan
76,20,nan,1.0,2.0,1.0,10.0,4.36,-3.0,-2.24544749934171,3.774443968924965
76,21,nan,4.0,7.0,3.0,-2.0,4.47,-3.0,-1.8570986143618557,4.270865088739779
76,22,nan,3.0,3.0,1.0,-3.0,4.57,-3.0,-1.547435783460863,4.498145076751247
76,23,nan,nan,nan,1.0,-6.0,4.68,0.6073435087656496,-1.3255540719444348,3.3807537708039
76,24,nan,3.0,1.0,2.0,-8.0,4.79,0.1284929738256339,-1.1291314170432527,2.993876914941211
76,27,30.0,nan,nan,1.0,-12.0,5.11,0.2663435116971616,0.25,2.2810333672477277
76,38,nan,nan,nan,1.0,-22.0,5.31,-0.03873905238263262,3.4004340899766867,2.7307822756663893
76,54,nan,nan,nan,1.0,-179.0,5.88,-3.0,8.890485952763939,1.9867717342662448
77,21,nan,3.0,nan,nan,-2.0,4.47,1.3822062228526135,-1.547435783460863,0.0
77,22,nan,5.0,nan,3.0,-6.0,4.57,-3.0,-1.1575699251445455,4.3437236138426245
77,23,36.0,1.0,2.0,3.0,-8.0,4.68,0.5009277161006113,-0.8710523378484019,4.667182018074072
77,24,nan,nan,1.0,nan,-15.0,4.79,1.0629615759791602,-0.7186063571465195,3.8879547038088016
77,27,nan,nan,1.0,nan,-13.0,5.11,-3.0,0.25,2.7810369386211318
77,68,nan,nan,nan,1.0,-419.0,5.47,-3.0,11.048233761404042,0.7781512503836436
77,69,nan,1.0,nan,nan,-454.0,5.46,-3.0,11.167834545221945,0.9030899869919435
78,19,nan,1.0,nan,3.0,-2.0,4.25,-3.0,-1.6999624567811449,2.9804578922761
78,20,nan,1.0,nan,1.0,-4.0,4.36,-3.0,-1.679983018724586,1.2041199826559248
78,21,nan,1.0,1.0,nan,-6.0,4.47,0.4723599819460479,-1.3255540719444348,2.2278867046136734
78,23,nan,nan,1.0,nan,-11.0,4.68,0.8152061222012991,-0.4857022603955158,3.0916669575956846
78,24,nan,nan,1.0,1.0,-11.0,4.79,-0.3002663066448771,-0.25,4.238998998615434
79,5,nan,nan,nan,1.0,6.0,4.73,-3.0,0.0,1.505149978319906
79,14,nan,nan,nan,2.0,1.0,4.37,-3.0,-1.7478372640327946,2.802089257881733
79,17,nan,nan,nan,1.0,-4.0,4.2,-3.0,-1.6104753416568915,nan
79,19,nan,nan,nan,2.0,-2.0,4.25,-3.0,-1.2174563090207278,2.0293837776852097
79,20,21.0,nan,nan,nan,-9.0,4.36,-3.0,-1.2490572329749114,2.2671717284030137
79,23,nan,nan,1.0,nan,-14.0,4.68,0.3444088534467256,-0.25,2.376576957056512
79,24,nan,nan,1.0,nan,-13.0,4.79,1.0748082170221855,0.1767766952966369,2.161368002234975
79,25,nan,1.0,nan,1.0,-15.0,4.9,1.241033173523232,0.25,2.7363965022766426
80,9,nan,nan,nan,1.0,1.0,4.77,-3.0,0.0,2.821513528404773
80,15,nan,nan,nan,3.0,-2.0,4.37,-3.0,-1.2494581959771287,2.4149733479708178
80,24,nan,nan,nan,1.0,-15.0,4.79,0.43720654282602356,0.25,2.2121876044039577
80,25,38.0,nan,nan,1.0,-15.0,4.9,0.9264654403411958,0.6523689270621824,4.2802140293384
80,32,16.0,nan,nan,nan,-28.0,5.42,0.8424301158111461,2.9270573216596842,2.385606273598312
81,8,nan,nan,nan,1.0,-2.0,4.86,-3.0,-2.4466557808279297,3.0737183503461227
81,9,nan,nan,nan,1.0,-9.0,4.85,-3.0,-1.9808380503824716,2.8000293592441343
81,10,nan,nan,nan,2.0,-2.0,4.78,-3.0,-1.5493518657814456,2.247973266361807
81,13,nan,nan,nan,1.0,-4.0,4.58,-3.0,-0.7255922317655457,nan
81,16,15.0,nan,nan,1.0,-10.0,4.38,0.6205441369286064,-0.7460222989178548,2.3201462861110542
81,17,11.0,nan,nan,nan,-9.0,4.32,0.6473487395864956,-0.7274427737537041,2.322219294733919
81,18,19.0,nan,nan,nan,-10.0,4.25,0.7916436459219993,-0.5176788511920756,2.167317334748176
81,19,6.0,nan,nan,nan,-10.0,4.27,0.4159161427247822,-0.25,2.173186268412274
81,26,nan,nan,2.0,nan,-21.0,5.02,1.7068568514278584,1.1105107365908755,3.2245330626060857
82,5,nan,1.0,3.0,3.0,12.0,nan,-3.0,nan,3.503245771465113
82,10,nan,nan,nan,1.0,-5.0,4.97,-3.0,-1.336599470857211,2.1398790864012365
82,13,nan,nan,nan,1.0,-6.0,4.77,-3.0,-0.25,1.2304489213782739
82,15,17.0,nan,nan,nan,-9.0,4.64,0.3144035634767588,-0.25,2.1986570869544226
82,32,18.0,nan,nan,nan,-31.0,5.62,-3.0,3.3316920111111212,2.287801729930226
82,120,nan,1.0,nan,nan,-4281.0,7.43,-3.0,25.86009819390494,nan
83,2,nan,nan,nan,1.0,-2.0,4.77,-3.0,-0.7255922317655457,nan
83,3,nan,nan,nan,1.0,-10.0,4.77,-3.0,-1.2174563090207278,nan
83,10,nan,nan,nan,2.0,2.0,5.05,0.17343977543958025,-1.2174563090207278,1.662757831681574
83,15,1.0,nan,nan,nan,-13.0,4.83,0.5462822525900336,0.25,2.342422680822206
83,42,nan,nan,nan,1.0,-137.0,6.29,-3.0,7.384379489851985,1.9138138523837167
84,5,nan,nan,1.0,nan,1.0,4.73,-3.0,-2.2319453655319017,3.2528530309798933
84,10,nan,nan,nan,1.0,-3.0,5.05,-3.0,-1.2481491715860766,0.0
84,11,nan,nan,nan,2.0,-5.0,5.17,-3.0,-0.75,1.0413926851582251
84,13,nan,nan,nan,1.0,-10.0,5.16,0.3723393069569547,0.25,2.298853076409707
84,17,22.0,nan,nan,nan,-14.0,4.89,-3.0,0.7486107700584287,2.100370545117563
84,22,nan,nan,nan,1.0,-20.0,5.17,0.7389461608262665,1.2484323577315761,2.2041199826559246
84,65,nan,1.0,nan,nan,-511.0,5.74,0.12136810153765738,14.281835972118309,1.414973347970818
85,4,14.0,nan,nan,nan,-2.0,4.69,-3.0,-2.116676647720729,2.9232440186302764
85,6,nan,nan,2.0,nan,-4.0,4.76,-3.0,-1.5493518657814456,1.7781512503836436
85,8,nan,nan,nan,1.0,-3.0,4.84,-3.0,-1.2174563090207278,nan
85,10,nan,2.0,nan,2.0,-7.0,5.05,-3.0,-1.14935524958672,1.5797835966168101
85,34,nan,nan,nan,1.0,-43.0,5.99,-3.0,5.03127984641722,2.5490032620257876
85,64,nan,1.0,nan,nan,-513.0,5.79,-3.0,14.74174306100277,1.1760912590556813
86,3,nan,nan,3.0,nan,3.0,4.65,-3.0,-2.0297054301036237,3.269045709657623
86,4,nan,nan,2.0,nan,13.0,4.67,-3.0,-1.9817673782926504,2.885361220031512
86,11,15.0,nan,1.0,nan,-11.0,5.17,-0.0698755091635423,-0.6523689270621824,2.3283796034387376
86,22,13.0,nan,nan,nan,-22.0,5.55,-0.21590551938768038,2.247547638401698,2.639486489268586
87,3,nan,1.0,nan,nan,12.0,4.63,-3.0,-2.2774148387104174,3.401228167498113
87,7,nan,2.0,nan,1.0,-2.0,4.8,-3.0,-0.4857022603955158,1.9138138523837167
87,12,23.0,nan,1.0,nan,-14.0,5.3,0.12050088898087173,-0.1767766952966369,2.3541084391474008
88,1,nan,nan,nan,1.0,1.0,4.56,-3.0,-2.36046025483712,3.595055089759304
88,3,nan,nan,nan,1.0,10.0,4.63,-3.0,-2.2138403433563645,2.143014800254095
88,5,8.0,nan,nan,nan,-2.0,4.71,-0.2894561720000941,-1.2174563090207278,nan
88,7,10.0,nan,nan,1.0,-5.0,4.8,-3.0,-0.25,2.3654879848909
88,8,1.0,nan,nan,nan,-11.0,4.84,-3.0,0.1767766952966369,2.3096301674258988
88,9,7.0,nan,nan,nan,-12.0,4.92,0.24742331210120985,0.25,2.374748346010104
88,32,nan,1.0,nan,nan,-46.0,6.31,-3.0,5.438411831334447,1.9493900066449128
89,0,nan,nan,2.0,nan,1.0,4.52,-3.0,-2.713539012884334,3.313445370426414
89,1,nan,nan,nan,2.0,4.0,4.54,-3.0,-2.839928577991893,3.198931869932209
89,2,nan,1.0,1.0,1.0,-7.0,4.59,-3.0,-2.7418788550582964,2.727541257028556
89,8,nan,1.0,nan,1.0,-14.0,4.84,-3.0,0.25,2.5599066250361124
89,9,17.0,nan,nan,nan,-16.0,4.92,0.3974767772751052,0.6523689270621824,2.456366033129043
89,63,nan,1.0,nan,nan,-661.0,5.87,-3.0,16.50520930404935,1.380211241711606
90,0,nan,nan,6.0,6.0,-2.0,4.5,-3.0,-3.173096920457878,nan
90,1,nan,1.0,3.0,2.0,-2.0,4.55,-3.0,-3.1847884590458393,nan
90,2,nan,3.0,6.0,3.0,-5.0,4.59,-3.0,-2.7429953196983257,2.3443922736851106
90,3,7.0,2.0,nan,2.0,-4.0,4.63,0.1316667923005638,-2.249391966711742,2.037426497940624
90,4,6.0,nan,3.0,nan,-10.0,4.67,0.4698764941882853,-1.7495589158326679,3.3350565194390915
90,6,3.0,2.0,nan,3.0,-14.0,4.76,0.2764801809044716,-0.7499107785611425,2.4099331233312946
90,7,15.0,nan,1.0,nan,-14.0,4.8,-3.0,-0.25,2.4638929889859074
90,8,21.0,nan,nan,1.0,-13.0,4.84,-3.0,0.25,2.2174839442139063
90,9,nan,nan,1.0,nan,-20.0,4.92,0.47217742149760805,0.7477397418934033,1.9084850188786497
90,10,21.0,nan,1.0,nan,-20.0,5.05,0.545963635659185,1.14935524958672,1.591064607026499
90,94,nan,1.0,nan,nan,-2565.0,5.84,-3.0,23.080909267527662,nan
